{"created_at":"Fri Apr 17 02:20:50 +0000 2020","id":1250972455801368589,"id_str":"1250972455801368589","text":"@jNewOrleans I love this new pic of you!","display_text_range":[13,40],"source":"\u003ca href=\"http:\/\/twitter.com\/download\/iphone\" rel=\"nofollow\"\u003eTwitter for iPhone\u003c\/a\u003e","truncated":false,"in_reply_to_status_id":1250972121909678083,"in_reply_to_status_id_str":"1250972121909678083","in_reply_to_user_id":15756836,"in_reply_to_user_id_str":"15756836","in_reply_to_screen_name":"jNewOrleans","user":{"id":14681050,"id_str":"14681050","name":"Gerald IntroVert. \ud83c\udded\ud83c\uddf9","screen_name":"_Bran_don","location":"Washington, D.C.","url":"http:\/\/www.sicardphotography.com","description":"Engineer by day, @sicardphoto and screenwriter by night. I ain\u2019t ridin\u2019 no waves... too busy making my own waves, baby. #INTJ","translator_type":"none","protected":false,"verified":false,"followers_count":2170,"friends_count":1001,"listed_count":83,"favourites_count":8828,"statuses_count":263428,"created_at":"Wed May 07 00:16:16 +0000 2008","utc_offset":null,"time_zone":null,"geo_enabled":true,"lang":null,"contributors_enabled":false,"is_translator":false,"profile_background_color":"131516","profile_background_image_url":"http:\/\/abs.twimg.com\/images\/themes\/theme14\/bg.gif","profile_background_image_url_https":"https:\/\/abs.twimg.com\/images\/themes\/theme14\/bg.gif","profile_background_tile":true,"profile_link_color":"000099","profile_sidebar_border_color":"EEEEEE","profile_sidebar_fill_color":"ECE5FF","profile_text_color":"333333","profile_use_background_image":true,"profile_image_url":"http:\/\/pbs.twimg.com\/profile_images\/1197633371112910852\/XAyyd_np_normal.jpg","profile_image_url_https":"https:\/\/pbs.twimg.com\/profile_images\/1197633371112910852\/XAyyd_np_normal.jpg","profile_banner_url":"https:\/\/pbs.twimg.com\/profile_banners\/14681050\/1521558602","default_profile":false,"default_profile_image":false,"following":null,"follow_request_sent":null,"notifications":null},"geo":null,"coordinates":null,"place":null,"contributors":null,"is_quote_status":false,"quote_count":0,"reply_count":0,"retweet_count":0,"favorite_count":0,"entities":{"hashtags":[],"urls":[],"user_mentions":[{"screen_name":"jNewOrleans","name":"Jeremiah \ud83e\udd73","id":15756836,"id_str":"15756836","indices":[0,12]}],"symbols":[]},"favorited":false,"retweeted":false,"filter_level":"low","lang":"en","timestamp_ms":"1587090050064"}