{"created_at":"Fri Apr 17 02:20:50 +0000 2020","id":1250972456791261184,"id_str":"1250972456791261184","text":"RT @FYang_EP: Only 1.6% mortality in a basically severe covid population treated w remdesivir?? Really? Id love to believe it but seems inc\u2026","source":"\u003ca href=\"http:\/\/twitter.com\/download\/iphone\" rel=\"nofollow\"\u003eTwitter for iPhone\u003c\/a\u003e","truncated":false,"in_reply_to_status_id":null,"in_reply_to_status_id_str":null,"in_reply_to_user_id":null,"in_reply_to_user_id_str":null,"in_reply_to_screen_name":null,"user":{"id":17586263,"id_str":"17586263","name":"Matt D. Preston","screen_name":"MattDPreston","location":"Lower East Side, NY","url":"http:\/\/www.daily-harvest.com","description":"Intersection of Agriculture + Internet + Food + Technology + Health + Urbanism. (he \/ his \/ him).","translator_type":"none","protected":false,"verified":false,"followers_count":227,"friends_count":699,"listed_count":10,"favourites_count":176,"statuses_count":922,"created_at":"Mon Nov 24 05:17:07 +0000 2008","utc_offset":null,"time_zone":null,"geo_enabled":true,"lang":null,"contributors_enabled":false,"is_translator":false,"profile_background_color":"B2DFDA","profile_background_image_url":"http:\/\/abs.twimg.com\/images\/themes\/theme13\/bg.gif","profile_background_image_url_https":"https:\/\/abs.twimg.com\/images\/themes\/theme13\/bg.gif","profile_background_tile":false,"profile_link_color":"93A644","profile_sidebar_border_color":"EEEEEE","profile_sidebar_fill_color":"FFFFFF","profile_text_color":"333333","profile_use_background_image":true,"profile_image_url":"http:\/\/pbs.twimg.com\/profile_images\/1246440298177269763\/ZvICBQH0_normal.jpg","profile_image_url_https":"https:\/\/pbs.twimg.com\/profile_images\/1246440298177269763\/ZvICBQH0_normal.jpg","profile_banner_url":"https:\/\/pbs.twimg.com\/profile_banners\/17586263\/1408736598","default_profile":false,"default_profile_image":false,"following":null,"follow_request_sent":null,"notifications":null},"geo":null,"coordinates":null,"place":null,"contributors":null,"retweeted_status":{"created_at":"Fri Apr 17 02:19:51 +0000 2020","id":1250972210048774145,"id_str":"1250972210048774145","text":"Only 1.6% mortality in a basically severe covid population treated w remdesivir?? Really? Id love to believe it but\u2026 https:\/\/t.co\/Usx33NAzhv","source":"\u003ca href=\"http:\/\/twitter.com\/download\/iphone\" rel=\"nofollow\"\u003eTwitter for iPhone\u003c\/a\u003e","truncated":true,"in_reply_to_status_id":null,"in_reply_to_status_id_str":null,"in_reply_to_user_id":null,"in_reply_to_user_id_str":null,"in_reply_to_screen_name":null,"user":{"id":76481446,"id_str":"76481446","name":"Felix Yang, MD, FACC, FHRS","screen_name":"FYang_EP","location":"Brooklyn, NY","url":null,"description":"Heart Rhythm Doctor; Associate Director of Cardiac Electrophysiology, Maimonides Medical Center. Views are my own. likes\/RT does not = endorse","translator_type":"none","protected":false,"verified":false,"followers_count":6036,"friends_count":322,"listed_count":83,"favourites_count":691,"statuses_count":481,"created_at":"Tue Sep 22 23:04:29 +0000 2009","utc_offset":null,"time_zone":null,"geo_enabled":true,"lang":null,"contributors_enabled":false,"is_translator":false,"profile_background_color":"9AE4E8","profile_background_image_url":"http:\/\/abs.twimg.com\/images\/themes\/theme16\/bg.gif","profile_background_image_url_https":"https:\/\/abs.twimg.com\/images\/themes\/theme16\/bg.gif","profile_background_tile":false,"profile_link_color":"0084B4","profile_sidebar_border_color":"BDDCAD","profile_sidebar_fill_color":"DDFFCC","profile_text_color":"333333","profile_use_background_image":true,"profile_image_url":"http:\/\/pbs.twimg.com\/profile_images\/1033802371623731206\/4b1TPf_4_normal.jpg","profile_image_url_https":"https:\/\/pbs.twimg.com\/profile_images\/1033802371623731206\/4b1TPf_4_normal.jpg","profile_banner_url":"https:\/\/pbs.twimg.com\/profile_banners\/76481446\/1526778907","default_profile":false,"default_profile_image":false,"following":null,"follow_request_sent":null,"notifications":null},"geo":null,"coordinates":null,"place":null,"contributors":null,"is_quote_status":false,"extended_tweet":{"full_text":"Only 1.6% mortality in a basically severe covid population treated w remdesivir?? Really? Id love to believe it but seems incredulous from what I thought I've been hearing in this patient population.  https:\/\/t.co\/R5Km3N6yhE","display_text_range":[0,224],"entities":{"hashtags":[],"urls":[{"url":"https:\/\/t.co\/R5Km3N6yhE","expanded_url":"https:\/\/www.statnews.com\/2020\/04\/16\/early-peek-at-data-on-gilead-coronavirus-drug-suggests-patients-are-responding-to-treatment\/","display_url":"statnews.com\/2020\/04\/16\/ear\u2026","indices":[201,224]}],"user_mentions":[],"symbols":[]}},"quote_count":0,"reply_count":0,"retweet_count":1,"favorite_count":1,"entities":{"hashtags":[],"urls":[{"url":"https:\/\/t.co\/Usx33NAzhv","expanded_url":"https:\/\/twitter.com\/i\/web\/status\/1250972210048774145","display_url":"twitter.com\/i\/web\/status\/1\u2026","indices":[117,140]}],"user_mentions":[],"symbols":[]},"favorited":false,"retweeted":false,"possibly_sensitive":false,"filter_level":"low","lang":"en"},"is_quote_status":false,"quote_count":0,"reply_count":0,"retweet_count":0,"favorite_count":0,"entities":{"hashtags":[],"urls":[],"user_mentions":[{"screen_name":"FYang_EP","name":"Felix Yang, MD, FACC, FHRS","id":76481446,"id_str":"76481446","indices":[3,12]}],"symbols":[]},"favorited":false,"retweeted":false,"filter_level":"low","lang":"en","timestamp_ms":"1587090050300"}