{"created_at":"Fri Apr 17 02:20:50 +0000 2020","id":1250972456673857538,"id_str":"1250972456673857538","text":"RT @itsxdianaa: me after checking his likes","source":"\u003ca href=\"http:\/\/twitter.com\/download\/iphone\" rel=\"nofollow\"\u003eTwitter for iPhone\u003c\/a\u003e","truncated":false,"in_reply_to_status_id":null,"in_reply_to_status_id_str":null,"in_reply_to_user_id":null,"in_reply_to_user_id_str":null,"in_reply_to_screen_name":null,"user":{"id":1022721505212461056,"id_str":"1022721505212461056","name":"Dina bitchslayer\ud83d\udde1","screen_name":"dibeckss","location":"New York, NY","url":null,"description":"\ud83d\udc97\ud83e\udd96\ud83c\udfc4\ud83c\udffc\u200d\u2640\ufe0f","translator_type":"none","protected":false,"verified":false,"followers_count":107,"friends_count":244,"listed_count":0,"favourites_count":19963,"statuses_count":15951,"created_at":"Fri Jul 27 05:53:02 +0000 2018","utc_offset":null,"time_zone":null,"geo_enabled":true,"lang":null,"contributors_enabled":false,"is_translator":false,"profile_background_color":"000000","profile_background_image_url":"http:\/\/abs.twimg.com\/images\/themes\/theme1\/bg.png","profile_background_image_url_https":"https:\/\/abs.twimg.com\/images\/themes\/theme1\/bg.png","profile_background_tile":false,"profile_link_color":"F58EA8","profile_sidebar_border_color":"000000","profile_sidebar_fill_color":"000000","profile_text_color":"000000","profile_use_background_image":false,"profile_image_url":"http:\/\/pbs.twimg.com\/profile_images\/1226597176899444740\/QjF3qKKv_normal.jpg","profile_image_url_https":"https:\/\/pbs.twimg.com\/profile_images\/1226597176899444740\/QjF3qKKv_normal.jpg","profile_banner_url":"https:\/\/pbs.twimg.com\/profile_banners\/1022721505212461056\/1581278531","default_profile":false,"default_profile_image":false,"following":null,"follow_request_sent":null,"notifications":null},"geo":null,"coordinates":null,"place":null,"contributors":null,"retweeted_status":{"created_at":"Thu Apr 16 06:01:15 +0000 2020","id":1250665538264510466,"id_str":"1250665538264510466","text":"me after checking his likes","source":"\u003ca href=\"http:\/\/twitter.com\/download\/iphone\" rel=\"nofollow\"\u003eTwitter for iPhone\u003c\/a\u003e","truncated":false,"in_reply_to_status_id":null,"in_reply_to_status_id_str":null,"in_reply_to_user_id":null,"in_reply_to_user_id_str":null,"in_reply_to_screen_name":null,"user":{"id":2815580408,"id_str":"2815580408","name":"diana","screen_name":"itsxdianaa","location":null,"url":null,"description":"don\u2019t care","translator_type":"none","protected":false,"verified":false,"followers_count":2427,"friends_count":346,"listed_count":10,"favourites_count":39831,"statuses_count":114082,"created_at":"Wed Sep 17 21:03:20 +0000 2014","utc_offset":null,"time_zone":null,"geo_enabled":true,"lang":null,"contributors_enabled":false,"is_translator":false,"profile_background_color":"131516","profile_background_image_url":"http:\/\/abs.twimg.com\/images\/themes\/theme14\/bg.gif","profile_background_image_url_https":"https:\/\/abs.twimg.com\/images\/themes\/theme14\/bg.gif","profile_background_tile":true,"profile_link_color":"009999","profile_sidebar_border_color":"EEEEEE","profile_sidebar_fill_color":"EFEFEF","profile_text_color":"333333","profile_use_background_image":true,"profile_image_url":"http:\/\/pbs.twimg.com\/profile_images\/1240868437187907584\/pttVzQiv_normal.jpg","profile_image_url_https":"https:\/\/pbs.twimg.com\/profile_images\/1240868437187907584\/pttVzQiv_normal.jpg","profile_banner_url":"https:\/\/pbs.twimg.com\/profile_banners\/2815580408\/1586066628","default_profile":false,"default_profile_image":false,"following":null,"follow_request_sent":null,"notifications":null},"geo":null,"coordinates":null,"place":null,"contributors":null,"quoted_status_id":1249928974991601665,"quoted_status_id_str":"1249928974991601665","quoted_status":{"created_at":"Tue Apr 14 05:14:24 +0000 2020","id":1249928974991601665,"id_str":"1249928974991601665","text":"i do not believe in love \n https:\/\/t.co\/gv584NDImK","source":"\u003ca href=\"http:\/\/twitter.com\/download\/iphone\" rel=\"nofollow\"\u003eTwitter for iPhone\u003c\/a\u003e","truncated":false,"in_reply_to_status_id":null,"in_reply_to_status_id_str":null,"in_reply_to_user_id":null,"in_reply_to_user_id_str":null,"in_reply_to_screen_name":null,"user":{"id":1149901595808808960,"id_str":"1149901595808808960","name":"\u064b","screen_name":"heontier","location":null,"url":null,"description":"s\/h","translator_type":"none","protected":false,"verified":false,"followers_count":117,"friends_count":99,"listed_count":0,"favourites_count":2849,"statuses_count":4929,"created_at":"Sat Jul 13 04:41:19 +0000 2019","utc_offset":null,"time_zone":null,"geo_enabled":true,"lang":null,"contributors_enabled":false,"is_translator":false,"profile_background_color":"F5F8FA","profile_background_image_url":"","profile_background_image_url_https":"","profile_background_tile":false,"profile_link_color":"1DA1F2","profile_sidebar_border_color":"C0DEED","profile_sidebar_fill_color":"DDEEF6","profile_text_color":"333333","profile_use_background_image":true,"profile_image_url":"http:\/\/pbs.twimg.com\/profile_images\/1250826245350273024\/4ViHeTO9_normal.jpg","profile_image_url_https":"https:\/\/pbs.twimg.com\/profile_images\/1250826245350273024\/4ViHeTO9_normal.jpg","profile_banner_url":"https:\/\/pbs.twimg.com\/profile_banners\/1149901595808808960\/1585276326","default_profile":true,"default_profile_image":false,"following":null,"follow_request_sent":null,"notifications":null},"geo":null,"coordinates":null,"place":null,"contributors":null,"is_quote_status":false,"quote_count":257,"reply_count":25,"retweet_count":781,"favorite_count":2598,"entities":{"hashtags":[],"urls":[],"user_mentions":[],"symbols":[],"media":[{"id":1249122266555617281,"id_str":"1249122266555617281","indices":[27,50],"additional_media_info":{"monetizable":false},"media_url":"http:\/\/pbs.twimg.com\/ext_tw_video_thumb\/1249122266555617281\/pu\/img\/DHfbV2SNoPdUWkTR.jpg","media_url_https":"https:\/\/pbs.twimg.com\/ext_tw_video_thumb\/1249122266555617281\/pu\/img\/DHfbV2SNoPdUWkTR.jpg","url":"https:\/\/t.co\/gv584NDImK","display_url":"pic.twitter.com\/gv584NDImK","expanded_url":"https:\/\/twitter.com\/findurmeme\/status\/1249122309597728769\/video\/1","type":"photo","sizes":{"thumb":{"w":150,"h":150,"resize":"crop"},"medium":{"w":1200,"h":675,"resize":"fit"},"small":{"w":680,"h":383,"resize":"fit"},"large":{"w":1280,"h":720,"resize":"fit"}},"source_status_id":1249122309597728769,"source_status_id_str":"1249122309597728769","source_user_id":1137821387811221505,"source_user_id_str":"1137821387811221505"}]},"extended_entities":{"media":[{"id":1249122266555617281,"id_str":"1249122266555617281","indices":[27,50],"additional_media_info":{"monetizable":false},"media_url":"http:\/\/pbs.twimg.com\/ext_tw_video_thumb\/1249122266555617281\/pu\/img\/DHfbV2SNoPdUWkTR.jpg","media_url_https":"https:\/\/pbs.twimg.com\/ext_tw_video_thumb\/1249122266555617281\/pu\/img\/DHfbV2SNoPdUWkTR.jpg","url":"https:\/\/t.co\/gv584NDImK","display_url":"pic.twitter.com\/gv584NDImK","expanded_url":"https:\/\/twitter.com\/findurmeme\/status\/1249122309597728769\/video\/1","type":"video","video_info":{"aspect_ratio":[16,9],"duration_millis":12638,"variants":[{"bitrate":2176000,"content_type":"video\/mp4","url":"https:\/\/video.twimg.com\/ext_tw_video\/1249122266555617281\/pu\/vid\/1280x720\/oQg_9Phutw-0xpF_.mp4?tag=10"},{"bitrate":256000,"content_type":"video\/mp4","url":"https:\/\/video.twimg.com\/ext_tw_video\/1249122266555617281\/pu\/vid\/480x270\/yzrA3jcqkxx8N-BG.mp4?tag=10"},{"bitrate":832000,"content_type":"video\/mp4","url":"https:\/\/video.twimg.com\/ext_tw_video\/1249122266555617281\/pu\/vid\/640x360\/lkg6Q_Y7wmZKTDr4.mp4?tag=10"},{"content_type":"application\/x-mpegURL","url":"https:\/\/video.twimg.com\/ext_tw_video\/1249122266555617281\/pu\/pl\/MrkJQo8usnQW1TRk.m3u8?tag=10"}]},"sizes":{"thumb":{"w":150,"h":150,"resize":"crop"},"medium":{"w":1200,"h":675,"resize":"fit"},"small":{"w":680,"h":383,"resize":"fit"},"large":{"w":1280,"h":720,"resize":"fit"}},"source_status_id":1249122309597728769,"source_status_id_str":"1249122309597728769","source_user_id":1137821387811221505,"source_user_id_str":"1137821387811221505"}]},"favorited":false,"retweeted":false,"possibly_sensitive":false,"filter_level":"low","lang":"en"},"quoted_status_permalink":{"url":"https:\/\/t.co\/VxJTMLXzLT","expanded":"https:\/\/twitter.com\/heontier\/status\/1249928974991601665","display":"twitter.com\/heontier\/statu\u2026"},"is_quote_status":true,"quote_count":107,"reply_count":26,"retweet_count":4160,"favorite_count":15181,"entities":{"hashtags":[],"urls":[],"user_mentions":[],"symbols":[]},"favorited":false,"retweeted":false,"filter_level":"low","lang":"en"},"quoted_status_id":1249928974991601665,"quoted_status_id_str":"1249928974991601665","quoted_status":{"created_at":"Tue Apr 14 05:14:24 +0000 2020","id":1249928974991601665,"id_str":"1249928974991601665","text":"i do not believe in love \n https:\/\/t.co\/gv584NDImK","source":"\u003ca href=\"http:\/\/twitter.com\/download\/iphone\" rel=\"nofollow\"\u003eTwitter for iPhone\u003c\/a\u003e","truncated":false,"in_reply_to_status_id":null,"in_reply_to_status_id_str":null,"in_reply_to_user_id":null,"in_reply_to_user_id_str":null,"in_reply_to_screen_name":null,"user":{"id":1149901595808808960,"id_str":"1149901595808808960","name":"\u064b","screen_name":"heontier","location":null,"url":null,"description":"s\/h","translator_type":"none","protected":false,"verified":false,"followers_count":117,"friends_count":99,"listed_count":0,"favourites_count":2849,"statuses_count":4929,"created_at":"Sat Jul 13 04:41:19 +0000 2019","utc_offset":null,"time_zone":null,"geo_enabled":true,"lang":null,"contributors_enabled":false,"is_translator":false,"profile_background_color":"F5F8FA","profile_background_image_url":"","profile_background_image_url_https":"","profile_background_tile":false,"profile_link_color":"1DA1F2","profile_sidebar_border_color":"C0DEED","profile_sidebar_fill_color":"DDEEF6","profile_text_color":"333333","profile_use_background_image":true,"profile_image_url":"http:\/\/pbs.twimg.com\/profile_images\/1250826245350273024\/4ViHeTO9_normal.jpg","profile_image_url_https":"https:\/\/pbs.twimg.com\/profile_images\/1250826245350273024\/4ViHeTO9_normal.jpg","profile_banner_url":"https:\/\/pbs.twimg.com\/profile_banners\/1149901595808808960\/1585276326","default_profile":true,"default_profile_image":false,"following":null,"follow_request_sent":null,"notifications":null},"geo":null,"coordinates":null,"place":null,"contributors":null,"is_quote_status":false,"quote_count":257,"reply_count":25,"retweet_count":781,"favorite_count":2598,"entities":{"hashtags":[],"urls":[],"user_mentions":[],"symbols":[],"media":[{"id":1249122266555617281,"id_str":"1249122266555617281","indices":[27,50],"additional_media_info":{"monetizable":false},"media_url":"http:\/\/pbs.twimg.com\/ext_tw_video_thumb\/1249122266555617281\/pu\/img\/DHfbV2SNoPdUWkTR.jpg","media_url_https":"https:\/\/pbs.twimg.com\/ext_tw_video_thumb\/1249122266555617281\/pu\/img\/DHfbV2SNoPdUWkTR.jpg","url":"https:\/\/t.co\/gv584NDImK","display_url":"pic.twitter.com\/gv584NDImK","expanded_url":"https:\/\/twitter.com\/findurmeme\/status\/1249122309597728769\/video\/1","type":"photo","sizes":{"thumb":{"w":150,"h":150,"resize":"crop"},"medium":{"w":1200,"h":675,"resize":"fit"},"small":{"w":680,"h":383,"resize":"fit"},"large":{"w":1280,"h":720,"resize":"fit"}},"source_status_id":1249122309597728769,"source_status_id_str":"1249122309597728769","source_user_id":1137821387811221505,"source_user_id_str":"1137821387811221505"}]},"extended_entities":{"media":[{"id":1249122266555617281,"id_str":"1249122266555617281","indices":[27,50],"additional_media_info":{"monetizable":false},"media_url":"http:\/\/pbs.twimg.com\/ext_tw_video_thumb\/1249122266555617281\/pu\/img\/DHfbV2SNoPdUWkTR.jpg","media_url_https":"https:\/\/pbs.twimg.com\/ext_tw_video_thumb\/1249122266555617281\/pu\/img\/DHfbV2SNoPdUWkTR.jpg","url":"https:\/\/t.co\/gv584NDImK","display_url":"pic.twitter.com\/gv584NDImK","expanded_url":"https:\/\/twitter.com\/findurmeme\/status\/1249122309597728769\/video\/1","type":"video","video_info":{"aspect_ratio":[16,9],"duration_millis":12638,"variants":[{"bitrate":2176000,"content_type":"video\/mp4","url":"https:\/\/video.twimg.com\/ext_tw_video\/1249122266555617281\/pu\/vid\/1280x720\/oQg_9Phutw-0xpF_.mp4?tag=10"},{"bitrate":256000,"content_type":"video\/mp4","url":"https:\/\/video.twimg.com\/ext_tw_video\/1249122266555617281\/pu\/vid\/480x270\/yzrA3jcqkxx8N-BG.mp4?tag=10"},{"bitrate":832000,"content_type":"video\/mp4","url":"https:\/\/video.twimg.com\/ext_tw_video\/1249122266555617281\/pu\/vid\/640x360\/lkg6Q_Y7wmZKTDr4.mp4?tag=10"},{"content_type":"application\/x-mpegURL","url":"https:\/\/video.twimg.com\/ext_tw_video\/1249122266555617281\/pu\/pl\/MrkJQo8usnQW1TRk.m3u8?tag=10"}]},"sizes":{"thumb":{"w":150,"h":150,"resize":"crop"},"medium":{"w":1200,"h":675,"resize":"fit"},"small":{"w":680,"h":383,"resize":"fit"},"large":{"w":1280,"h":720,"resize":"fit"}},"source_status_id":1249122309597728769,"source_status_id_str":"1249122309597728769","source_user_id":1137821387811221505,"source_user_id_str":"1137821387811221505"}]},"favorited":false,"retweeted":false,"possibly_sensitive":false,"filter_level":"low","lang":"en"},"quoted_status_permalink":{"url":"https:\/\/t.co\/VxJTMLXzLT","expanded":"https:\/\/twitter.com\/heontier\/status\/1249928974991601665","display":"twitter.com\/heontier\/statu\u2026"},"is_quote_status":true,"quote_count":0,"reply_count":0,"retweet_count":0,"favorite_count":0,"entities":{"hashtags":[],"urls":[],"user_mentions":[{"screen_name":"itsxdianaa","name":"diana","id":2815580408,"id_str":"2815580408","indices":[3,14]}],"symbols":[]},"favorited":false,"retweeted":false,"filter_level":"low","lang":"en","timestamp_ms":"1587090050272"}