{"created_at":"Fri Apr 17 02:20:50 +0000 2020","id":1250972455826534401,"id_str":"1250972455826534401","text":"@VictoriaViciou2 Haha ur so adorable I love it","display_text_range":[17,46],"source":"\u003ca href=\"http:\/\/twitter.com\/download\/iphone\" rel=\"nofollow\"\u003eTwitter for iPhone\u003c\/a\u003e","truncated":false,"in_reply_to_status_id":1250847204144672768,"in_reply_to_status_id_str":"1250847204144672768","in_reply_to_user_id":1170132542265032705,"in_reply_to_user_id_str":"1170132542265032705","in_reply_to_screen_name":"VictoriaViciou2","user":{"id":835617573182050304,"id_str":"835617573182050304","name":"Skinwalkers Marrow","screen_name":"zeekmarrow","location":null,"url":null,"description":"Pansexual \ud83c\udf08 TST\ud83d\udc79 Horror junkie \ud83d\udc80NERD\ud83e\udd13 JUGGALO 4 LIFE","translator_type":"none","protected":false,"verified":false,"followers_count":46,"friends_count":204,"listed_count":0,"favourites_count":6438,"statuses_count":358,"created_at":"Sat Feb 25 22:28:49 +0000 2017","utc_offset":null,"time_zone":null,"geo_enabled":false,"lang":null,"contributors_enabled":false,"is_translator":false,"profile_background_color":"F5F8FA","profile_background_image_url":"","profile_background_image_url_https":"","profile_background_tile":false,"profile_link_color":"1DA1F2","profile_sidebar_border_color":"C0DEED","profile_sidebar_fill_color":"DDEEF6","profile_text_color":"333333","profile_use_background_image":true,"profile_image_url":"http:\/\/pbs.twimg.com\/profile_images\/1247855970518212611\/ZPQS5c85_normal.jpg","profile_image_url_https":"https:\/\/pbs.twimg.com\/profile_images\/1247855970518212611\/ZPQS5c85_normal.jpg","profile_banner_url":"https:\/\/pbs.twimg.com\/profile_banners\/835617573182050304\/1583681612","default_profile":true,"default_profile_image":false,"following":null,"follow_request_sent":null,"notifications":null},"geo":null,"coordinates":null,"place":null,"contributors":null,"is_quote_status":false,"quote_count":0,"reply_count":0,"retweet_count":0,"favorite_count":0,"entities":{"hashtags":[],"urls":[],"user_mentions":[{"screen_name":"VictoriaViciou2","name":"\ud83c\udf6aVictoria Vicious\ud83e\uddf8","id":1170132542265032705,"id_str":"1170132542265032705","indices":[0,16]}],"symbols":[]},"favorited":false,"retweeted":false,"filter_level":"low","lang":"en","timestamp_ms":"1587090050070"}