{"created_at":"Fri Apr 17 02:20:50 +0000 2020","id":1250972456040497155,"id_str":"1250972456040497155","text":"RT @ExquisiteDerma: Self love lines up with knowing who you are &amp; whose your are","source":"\u003ca href=\"http:\/\/twitter.com\/download\/iphone\" rel=\"nofollow\"\u003eTwitter for iPhone\u003c\/a\u003e","truncated":false,"in_reply_to_status_id":null,"in_reply_to_status_id_str":null,"in_reply_to_user_id":null,"in_reply_to_user_id_str":null,"in_reply_to_screen_name":null,"user":{"id":160400770,"id_str":"160400770","name":"\ud83c\udf6f\ud83d\udc71\ud83c\udffe\u200d\u2640\ufe0f","screen_name":"MayaaaMojo","location":"Charlotte, NC","url":null,"description":"\ud83d\udcf8IG BlondieTheMermaid \ud83e\udddc\ud83c\udffe\u200d\u2640\ufe0f\ud83e\udddd\ud83c\udffe\u200d\u2640\ufe0f Joshua 1:9\u2763\ufe0f Pisces\u2653\ufe0f\ud83c\udf1eGemini\ud83c\udf19\u264a\ufe0f #Loczare4eva\ud83d\udc8e\ud83d\udc87\ud83c\udffe\u200d\u2640\ufe0f iLOVE#PINK\ud83d\udc85\ud83c\udffe\ud83d\udc95Spiritually Intuned\u2728\u271d\ufe0f\ud83d\udd2e","translator_type":"none","protected":false,"verified":false,"followers_count":1285,"friends_count":454,"listed_count":3,"favourites_count":36422,"statuses_count":132354,"created_at":"Mon Jun 28 02:30:01 +0000 2010","utc_offset":null,"time_zone":null,"geo_enabled":true,"lang":null,"contributors_enabled":false,"is_translator":false,"profile_background_color":"EBF1F5","profile_background_image_url":"http:\/\/abs.twimg.com\/images\/themes\/theme1\/bg.png","profile_background_image_url_https":"https:\/\/abs.twimg.com\/images\/themes\/theme1\/bg.png","profile_background_tile":true,"profile_link_color":"7A0707","profile_sidebar_border_color":"FFFFFF","profile_sidebar_fill_color":"BFBFBF","profile_text_color":"F2242E","profile_use_background_image":true,"profile_image_url":"http:\/\/pbs.twimg.com\/profile_images\/1241641666475245570\/fGCDHa39_normal.jpg","profile_image_url_https":"https:\/\/pbs.twimg.com\/profile_images\/1241641666475245570\/fGCDHa39_normal.jpg","profile_banner_url":"https:\/\/pbs.twimg.com\/profile_banners\/160400770\/1579825467","default_profile":false,"default_profile_image":false,"following":null,"follow_request_sent":null,"notifications":null},"geo":null,"coordinates":null,"place":null,"contributors":null,"retweeted_status":{"created_at":"Fri Apr 17 02:00:28 +0000 2020","id":1250967333356658689,"id_str":"1250967333356658689","text":"Self love lines up with knowing who you are &amp; whose your are","source":"\u003ca href=\"http:\/\/twitter.com\/download\/iphone\" rel=\"nofollow\"\u003eTwitter for iPhone\u003c\/a\u003e","truncated":false,"in_reply_to_status_id":null,"in_reply_to_status_id_str":null,"in_reply_to_user_id":null,"in_reply_to_user_id_str":null,"in_reply_to_screen_name":null,"user":{"id":919959423702962176,"id_str":"919959423702962176","name":"Exquisite Derma","screen_name":"ExquisiteDerma","location":"Charleston, SC","url":null,"description":"\u201cPhil 4:13\u201d \ud83e\udd8b | Exquisite Derma Skincare by Alexus Summersett","translator_type":"none","protected":false,"verified":false,"followers_count":91,"friends_count":512,"listed_count":0,"favourites_count":23,"statuses_count":117,"created_at":"Mon Oct 16 16:13:13 +0000 2017","utc_offset":null,"time_zone":null,"geo_enabled":false,"lang":null,"contributors_enabled":false,"is_translator":false,"profile_background_color":"F5F8FA","profile_background_image_url":"","profile_background_image_url_https":"","profile_background_tile":false,"profile_link_color":"1DA1F2","profile_sidebar_border_color":"C0DEED","profile_sidebar_fill_color":"DDEEF6","profile_text_color":"333333","profile_use_background_image":true,"profile_image_url":"http:\/\/pbs.twimg.com\/profile_images\/1250943794964545537\/XXmatwLB_normal.jpg","profile_image_url_https":"https:\/\/pbs.twimg.com\/profile_images\/1250943794964545537\/XXmatwLB_normal.jpg","profile_banner_url":"https:\/\/pbs.twimg.com\/profile_banners\/919959423702962176\/1587018922","default_profile":true,"default_profile_image":false,"following":null,"follow_request_sent":null,"notifications":null},"geo":null,"coordinates":null,"place":null,"contributors":null,"is_quote_status":false,"quote_count":0,"reply_count":0,"retweet_count":1,"favorite_count":0,"entities":{"hashtags":[],"urls":[],"user_mentions":[],"symbols":[]},"favorited":false,"retweeted":false,"filter_level":"low","lang":"en"},"is_quote_status":false,"quote_count":0,"reply_count":0,"retweet_count":0,"favorite_count":0,"entities":{"hashtags":[],"urls":[],"user_mentions":[{"screen_name":"ExquisiteDerma","name":"Exquisite Derma","id":919959423702962176,"id_str":"919959423702962176","indices":[3,18]}],"symbols":[]},"favorited":false,"retweeted":false,"filter_level":"low","lang":"en","timestamp_ms":"1587090050121"}