{"created_at":"Fri Apr 17 02:20:50 +0000 2020","id":1250972455759462402,"id_str":"1250972455759462402","text":"I just love when she says \u201cGod bless you\u201d the warmth man!","source":"\u003ca href=\"http:\/\/twitter.com\/download\/iphone\" rel=\"nofollow\"\u003eTwitter for iPhone\u003c\/a\u003e","truncated":false,"in_reply_to_status_id":null,"in_reply_to_status_id_str":null,"in_reply_to_user_id":null,"in_reply_to_user_id_str":null,"in_reply_to_screen_name":null,"user":{"id":918883729027846144,"id_str":"918883729027846144","name":"Niceness \u2728","screen_name":"sincerelyyoolie","location":"Trinidad and Tobago","url":"https:\/\/Instagram.com\/p\/Be18zUQh_Pt\/","description":"Trini melaninaire spreading love in Jamrock \u2728\ud83c\uddf9\ud83c\uddf9\ud83c\uddef\ud83c\uddf2\ud83d\udc69\ud83c\udffe IG: sincerely_yoolie SC: yooliepoolie","translator_type":"none","protected":false,"verified":false,"followers_count":351,"friends_count":246,"listed_count":0,"favourites_count":11974,"statuses_count":8697,"created_at":"Fri Oct 13 16:58:47 +0000 2017","utc_offset":null,"time_zone":null,"geo_enabled":false,"lang":null,"contributors_enabled":false,"is_translator":false,"profile_background_color":"F5F8FA","profile_background_image_url":"","profile_background_image_url_https":"","profile_background_tile":false,"profile_link_color":"1DA1F2","profile_sidebar_border_color":"C0DEED","profile_sidebar_fill_color":"DDEEF6","profile_text_color":"333333","profile_use_background_image":true,"profile_image_url":"http:\/\/pbs.twimg.com\/profile_images\/1203932327556071425\/NnA_8_Mq_normal.jpg","profile_image_url_https":"https:\/\/pbs.twimg.com\/profile_images\/1203932327556071425\/NnA_8_Mq_normal.jpg","profile_banner_url":"https:\/\/pbs.twimg.com\/profile_banners\/918883729027846144\/1519277493","default_profile":true,"default_profile_image":false,"following":null,"follow_request_sent":null,"notifications":null},"geo":null,"coordinates":null,"place":null,"contributors":null,"quoted_status_id":1250943182864613376,"quoted_status_id_str":"1250943182864613376","quoted_status":{"created_at":"Fri Apr 17 00:24:30 +0000 2020","id":1250943182864613376,"id_str":"1250943182864613376","text":"BEYONC\u00c9 IS ALIVE AND WELL DURING THIS QUARANTINE https:\/\/t.co\/odwn8h6z9U","display_text_range":[0,48],"source":"\u003ca href=\"http:\/\/twitter.com\/download\/iphone\" rel=\"nofollow\"\u003eTwitter for iPhone\u003c\/a\u003e","truncated":false,"in_reply_to_status_id":null,"in_reply_to_status_id_str":null,"in_reply_to_user_id":null,"in_reply_to_user_id_str":null,"in_reply_to_screen_name":null,"user":{"id":786749562052542464,"id_str":"786749562052542464","name":"Ta Vinci","screen_name":"iHave3Testiclez","location":null,"url":null,"description":null,"translator_type":"none","protected":false,"verified":false,"followers_count":2055,"friends_count":950,"listed_count":143,"favourites_count":2109,"statuses_count":128960,"created_at":"Fri Oct 14 02:04:47 +0000 2016","utc_offset":null,"time_zone":null,"geo_enabled":true,"lang":null,"contributors_enabled":false,"is_translator":false,"profile_background_color":"F5F8FA","profile_background_image_url":"","profile_background_image_url_https":"","profile_background_tile":false,"profile_link_color":"1DA1F2","profile_sidebar_border_color":"C0DEED","profile_sidebar_fill_color":"DDEEF6","profile_text_color":"333333","profile_use_background_image":true,"profile_image_url":"http:\/\/pbs.twimg.com\/profile_images\/1245200583453298688\/FcZIRlWO_normal.jpg","profile_image_url_https":"https:\/\/pbs.twimg.com\/profile_images\/1245200583453298688\/FcZIRlWO_normal.jpg","profile_banner_url":"https:\/\/pbs.twimg.com\/profile_banners\/786749562052542464\/1585480447","default_profile":true,"default_profile_image":false,"following":null,"follow_request_sent":null,"notifications":null},"geo":null,"coordinates":null,"place":null,"contributors":null,"is_quote_status":false,"quote_count":48,"reply_count":1,"retweet_count":111,"favorite_count":244,"entities":{"hashtags":[],"urls":[],"user_mentions":[],"symbols":[],"media":[{"id":1250943065965187072,"id_str":"1250943065965187072","indices":[49,72],"additional_media_info":{"monetizable":false},"media_url":"http:\/\/pbs.twimg.com\/ext_tw_video_thumb\/1250943065965187072\/pu\/img\/Fe81Cq8IahLMQ6Ys.jpg","media_url_https":"https:\/\/pbs.twimg.com\/ext_tw_video_thumb\/1250943065965187072\/pu\/img\/Fe81Cq8IahLMQ6Ys.jpg","url":"https:\/\/t.co\/odwn8h6z9U","display_url":"pic.twitter.com\/odwn8h6z9U","expanded_url":"https:\/\/twitter.com\/iHave3Testiclez\/status\/1250943182864613376\/video\/1","type":"photo","sizes":{"thumb":{"w":150,"h":150,"resize":"crop"},"medium":{"w":1200,"h":555,"resize":"fit"},"small":{"w":680,"h":315,"resize":"fit"},"large":{"w":1280,"h":592,"resize":"fit"}}}]},"extended_entities":{"media":[{"id":1250943065965187072,"id_str":"1250943065965187072","indices":[49,72],"additional_media_info":{"monetizable":false},"media_url":"http:\/\/pbs.twimg.com\/ext_tw_video_thumb\/1250943065965187072\/pu\/img\/Fe81Cq8IahLMQ6Ys.jpg","media_url_https":"https:\/\/pbs.twimg.com\/ext_tw_video_thumb\/1250943065965187072\/pu\/img\/Fe81Cq8IahLMQ6Ys.jpg","url":"https:\/\/t.co\/odwn8h6z9U","display_url":"pic.twitter.com\/odwn8h6z9U","expanded_url":"https:\/\/twitter.com\/iHave3Testiclez\/status\/1250943182864613376\/video\/1","type":"video","video_info":{"aspect_ratio":[80,37],"duration_millis":68378,"variants":[{"bitrate":2176000,"content_type":"video\/mp4","url":"https:\/\/video.twimg.com\/ext_tw_video\/1250943065965187072\/pu\/vid\/1280x592\/qyVf7pABErQR-iF9.mp4?tag=10"},{"bitrate":256000,"content_type":"video\/mp4","url":"https:\/\/video.twimg.com\/ext_tw_video\/1250943065965187072\/pu\/vid\/582x270\/v7b4abV9oXq7r3M3.mp4?tag=10"},{"content_type":"application\/x-mpegURL","url":"https:\/\/video.twimg.com\/ext_tw_video\/1250943065965187072\/pu\/pl\/2o4XJPwZI1r2IcYF.m3u8?tag=10"},{"bitrate":832000,"content_type":"video\/mp4","url":"https:\/\/video.twimg.com\/ext_tw_video\/1250943065965187072\/pu\/vid\/778x360\/dvNycNV5inxZDp35.mp4?tag=10"}]},"sizes":{"thumb":{"w":150,"h":150,"resize":"crop"},"medium":{"w":1200,"h":555,"resize":"fit"},"small":{"w":680,"h":315,"resize":"fit"},"large":{"w":1280,"h":592,"resize":"fit"}}}]},"favorited":false,"retweeted":false,"possibly_sensitive":true,"filter_level":"low","lang":"en"},"quoted_status_permalink":{"url":"https:\/\/t.co\/MCIKiKp0pu","expanded":"https:\/\/twitter.com\/ihave3testiclez\/status\/1250943182864613376","display":"twitter.com\/ihave3testicle\u2026"},"is_quote_status":true,"quote_count":0,"reply_count":0,"retweet_count":0,"favorite_count":0,"entities":{"hashtags":[],"urls":[],"user_mentions":[],"symbols":[]},"favorited":false,"retweeted":false,"filter_level":"low","lang":"en","timestamp_ms":"1587090050054"}